{
  "version": "2.0",
  "logging": {
    "applicationInsights": {
      "samplingSettings": {
        "isEnabled": true,
        "excludedTypes": "Request"
      }
    },
    "logLevel": {
      "default": "Information",
      "Host.Results": "Error",
      "Function": "Information",
      "Host.Aggregator": "Trace"
    }
  },
  "extensions": {
    "eventHubs": {
      "batchCheckpointFrequency": 5,
      "eventProcessorOptions": {
        "maxBatchSize": 64,
        "prefetchCount": 256
      }
    }
  },
  "functionTimeout": "00:05:00",
  "healthMonitor": {
    "enabled": true,
    "healthCheckInterval": "00:00:30",
    "healthCheckWindow": "00:02:00",
    "healthCheckThreshold": 6,
    "counterThreshold": 0.80
  }
}